experiment,variant,workers,metric,value
amdahl_calibration,injected_serial_0.00,1,speedup,1.000000
amdahl_calibration,injected_serial_0.00,2,speedup,1.975797
amdahl_calibration,injected_serial_0.00,3,speedup,2.842053
amdahl_calibration,injected_serial_0.00,4,speedup,3.728235
amdahl_calibration,injected_serial_0.00,5,speedup,4.639444
amdahl_calibration,injected_serial_0.00,6,speedup,5.408649
amdahl_calibration,injected_serial_0.00,7,speedup,6.076695
amdahl_calibration,injected_serial_0.00,8,speedup,6.696020
amdahl_calibration,injected_serial_0.00,0,recovered_p,0.976390
amdahl_calibration,injected_serial_0.05,1,speedup,1.000000
amdahl_calibration,injected_serial_0.05,2,speedup,1.785395
amdahl_calibration,injected_serial_0.05,3,speedup,2.535626
amdahl_calibration,injected_serial_0.05,4,speedup,3.216343
amdahl_calibration,injected_serial_0.05,5,speedup,3.771838
amdahl_calibration,injected_serial_0.05,6,speedup,4.400552
amdahl_calibration,injected_serial_0.05,7,speedup,4.810065
amdahl_calibration,injected_serial_0.05,8,speedup,5.282140
amdahl_calibration,injected_serial_0.05,0,recovered_p,0.919095
amdahl_calibration,injected_serial_0.15,1,speedup,1.000000
amdahl_calibration,injected_serial_0.15,2,speedup,1.612817
amdahl_calibration,injected_serial_0.15,3,speedup,2.134694
amdahl_calibration,injected_serial_0.15,4,speedup,2.551354
amdahl_calibration,injected_serial_0.15,5,speedup,2.909310
amdahl_calibration,injected_serial_0.15,6,speedup,3.134776
amdahl_calibration,injected_serial_0.15,7,speedup,3.249246
amdahl_calibration,injected_serial_0.15,8,speedup,3.440596
amdahl_calibration,injected_serial_0.15,0,recovered_p,0.808204
amdahl_calibration,injected_serial_0.30,1,speedup,1.000000
amdahl_calibration,injected_serial_0.30,2,speedup,1.509291
amdahl_calibration,injected_serial_0.30,3,speedup,1.826134
amdahl_calibration,injected_serial_0.30,4,speedup,1.961319
amdahl_calibration,injected_serial_0.30,5,speedup,2.177162
amdahl_calibration,injected_serial_0.30,6,speedup,2.297752
amdahl_calibration,injected_serial_0.30,7,speedup,2.393835
amdahl_calibration,injected_serial_0.30,8,speedup,2.433753
amdahl_calibration,injected_serial_0.30,0,recovered_p,0.673480
amdahl_t4,mutex,0,recovered_p,-7.665250
amdahl_t4,mutex,1,speedup,1.000000
amdahl_t4,mutex,2,speedup,0.185599
amdahl_t4,mutex,4,speedup,0.159213
amdahl_t4,mutex,8,speedup,0.128354
amdahl_t4,atomic,0,recovered_p,-3.400432
amdahl_t4,atomic,1,speedup,1.000000
amdahl_t4,atomic,2,speedup,0.362850
amdahl_t4,atomic,4,speedup,0.440898
amdahl_t4,atomic,8,speedup,0.198311
amdahl_t4,sharded,0,recovered_p,0.954411
amdahl_t4,sharded,1,speedup,1.000000
amdahl_t4,sharded,2,speedup,1.962503
amdahl_t4,sharded,4,speedup,3.964160
amdahl_t4,sharded,8,speedup,5.004351
pipeline_bubble,balanced,1,efficiency,0.265550
pipeline_bubble,balanced,1,predicted_efficiency,0.250000
pipeline_bubble,balanced,1,wall_seconds,0.081195
pipeline_bubble,balanced,2,efficiency,0.377407
pipeline_bubble,balanced,2,predicted_efficiency,0.400000
pipeline_bubble,balanced,2,wall_seconds,0.114260
pipeline_bubble,balanced,3,efficiency,0.407354
pipeline_bubble,balanced,3,predicted_efficiency,0.500000
pipeline_bubble,balanced,3,wall_seconds,0.158790
pipeline_bubble,balanced,4,efficiency,0.451815
pipeline_bubble,balanced,4,predicted_efficiency,0.571429
pipeline_bubble,balanced,4,wall_seconds,0.190885
pipeline_bubble,balanced,6,efficiency,0.442138
pipeline_bubble,balanced,6,predicted_efficiency,0.666667
pipeline_bubble,balanced,6,wall_seconds,0.292595
pipeline_bubble,balanced,8,efficiency,0.450704
pipeline_bubble,balanced,8,predicted_efficiency,0.727273
pipeline_bubble,balanced,8,wall_seconds,0.382712
pipeline_bubble,balanced,12,efficiency,0.437504
pipeline_bubble,balanced,12,predicted_efficiency,0.800000
pipeline_bubble,balanced,12,wall_seconds,0.591389
pipeline_bubble,balanced,16,efficiency,0.408285
pipeline_bubble,balanced,16,predicted_efficiency,0.842105
pipeline_bubble,balanced,16,wall_seconds,0.844950
pipeline_bubble,balanced,24,efficiency,0.428031
pipeline_bubble,balanced,24,predicted_efficiency,0.888889
pipeline_bubble,balanced,24,wall_seconds,1.208955
pipeline_bubble,balanced,32,efficiency,0.396962
pipeline_bubble,balanced,32,predicted_efficiency,0.914286
pipeline_bubble,balanced,32,wall_seconds,1.738099
pipeline_bubble,balanced,48,efficiency,0.411460
pipeline_bubble,balanced,48,predicted_efficiency,0.941176
pipeline_bubble,balanced,48,wall_seconds,2.515289
pipeline_bubble,balanced,64,efficiency,0.390151
pipeline_bubble,balanced,64,predicted_efficiency,0.955224
pipeline_bubble,balanced,64,wall_seconds,3.536887
pipeline_bubble,imbalanced,1,efficiency,0.131931
pipeline_bubble,imbalanced,1,predicted_efficiency,0.250000
pipeline_bubble,imbalanced,1,wall_seconds,0.204285
pipeline_bubble,imbalanced,2,efficiency,0.182998
pipeline_bubble,imbalanced,2,predicted_efficiency,0.357143
pipeline_bubble,imbalanced,2,wall_seconds,0.294556
pipeline_bubble,imbalanced,3,efficiency,0.185031
pipeline_bubble,imbalanced,3,predicted_efficiency,0.416667
pipeline_bubble,imbalanced,3,wall_seconds,0.436978
pipeline_bubble,imbalanced,4,efficiency,0.208321
pipeline_bubble,imbalanced,4,predicted_efficiency,0.454545
pipeline_bubble,imbalanced,4,wall_seconds,0.517500
pipeline_bubble,imbalanced,6,efficiency,0.243934
pipeline_bubble,imbalanced,6,predicted_efficiency,0.500000
pipeline_bubble,imbalanced,6,wall_seconds,0.662923
pipeline_bubble,imbalanced,8,efficiency,0.272480
pipeline_bubble,imbalanced,8,predicted_efficiency,0.526316
pipeline_bubble,imbalanced,8,wall_seconds,0.791296
pipeline_bubble,imbalanced,12,efficiency,0.287688
pipeline_bubble,imbalanced,12,predicted_efficiency,0.555556
pipeline_bubble,imbalanced,12,wall_seconds,1.124200
pipeline_bubble,imbalanced,16,efficiency,0.293094
pipeline_bubble,imbalanced,16,predicted_efficiency,0.571429
pipeline_bubble,imbalanced,16,wall_seconds,1.471286
pipeline_bubble,imbalanced,24,efficiency,0.303335
pipeline_bubble,imbalanced,24,predicted_efficiency,0.588235
pipeline_bubble,imbalanced,24,wall_seconds,2.132422
pipeline_bubble,imbalanced,32,efficiency,0.284591
pipeline_bubble,imbalanced,32,predicted_efficiency,0.597015
pipeline_bubble,imbalanced,32,wall_seconds,3.030484
pipeline_bubble,imbalanced,48,efficiency,0.272047
pipeline_bubble,imbalanced,48,predicted_efficiency,0.606061
pipeline_bubble,imbalanced,48,wall_seconds,4.755343
pipeline_bubble,imbalanced,64,efficiency,0.263179
pipeline_bubble,imbalanced,64,predicted_efficiency,0.610687
pipeline_bubble,imbalanced,64,wall_seconds,6.554096
strategies_gloo,dp,1,tokens_per_s,37803.828448
strategies_gloo,dp,1,comms_bytes_per_step,0.000000
strategies_gloo,dp,1,weight_bytes_per_rank,301989888.000000
strategies_gloo,dp,1,max_rel_err,0.000000
strategies_gloo,dp,1,load_factor,1.000000
strategies_gloo,dp,2,tokens_per_s,50751.815221
strategies_gloo,dp,2,comms_bytes_per_step,0.000000
strategies_gloo,dp,2,weight_bytes_per_rank,301989888.000000
strategies_gloo,dp,2,max_rel_err,0.000000
strategies_gloo,dp,2,load_factor,1.000000
strategies_gloo,dp,4,tokens_per_s,58387.326312
strategies_gloo,dp,4,comms_bytes_per_step,0.000000
strategies_gloo,dp,4,weight_bytes_per_rank,301989888.000000
strategies_gloo,dp,4,max_rel_err,0.000000
strategies_gloo,dp,4,load_factor,1.000000
strategies_gloo,tp,1,tokens_per_s,37774.033372
strategies_gloo,tp,1,comms_bytes_per_step,100663296.000000
strategies_gloo,tp,1,weight_bytes_per_rank,301989888.000000
strategies_gloo,tp,1,max_rel_err,0.000000
strategies_gloo,tp,1,load_factor,1.000000
strategies_gloo,tp,2,tokens_per_s,37585.756718
strategies_gloo,tp,2,comms_bytes_per_step,100663296.000000
strategies_gloo,tp,2,weight_bytes_per_rank,150994944.000000
strategies_gloo,tp,2,max_rel_err,0.000001
strategies_gloo,tp,2,load_factor,1.000000
strategies_gloo,tp,4,tokens_per_s,31637.910712
strategies_gloo,tp,4,comms_bytes_per_step,100663296.000000
strategies_gloo,tp,4,weight_bytes_per_rank,75497472.000000
strategies_gloo,tp,4,max_rel_err,0.000001
strategies_gloo,tp,4,load_factor,1.000000
strategies_gloo,pp,1,tokens_per_s,28269.163769
strategies_gloo,pp,1,comms_bytes_per_step,0.000000
strategies_gloo,pp,1,weight_bytes_per_rank,301989888.000000
strategies_gloo,pp,1,max_rel_err,0.000000
strategies_gloo,pp,1,load_factor,1.000000
strategies_gloo,pp,2,tokens_per_s,34840.391248
strategies_gloo,pp,2,comms_bytes_per_step,6291456.000000
strategies_gloo,pp,2,weight_bytes_per_rank,150994944.000000
strategies_gloo,pp,2,max_rel_err,0.000000
strategies_gloo,pp,2,load_factor,1.000000
strategies_gloo,pp,4,tokens_per_s,44044.744319
strategies_gloo,pp,4,comms_bytes_per_step,6291456.000000
strategies_gloo,pp,4,weight_bytes_per_rank,75497472.000000
strategies_gloo,pp,4,max_rel_err,0.000000
strategies_gloo,pp,4,load_factor,1.000000
strategies_gloo,sp,1,tokens_per_s,36000.089204
strategies_gloo,sp,1,comms_bytes_per_step,0.000000
strategies_gloo,sp,1,weight_bytes_per_rank,301989888.000000
strategies_gloo,sp,1,max_rel_err,0.000000
strategies_gloo,sp,1,load_factor,1.000000
strategies_gloo,sp,2,tokens_per_s,42745.378270
strategies_gloo,sp,2,comms_bytes_per_step,25165824.000000
strategies_gloo,sp,2,weight_bytes_per_rank,301989888.000000
strategies_gloo,sp,2,max_rel_err,0.000000
strategies_gloo,sp,2,load_factor,1.000000
strategies_gloo,sp,4,tokens_per_s,39657.419042
strategies_gloo,sp,4,comms_bytes_per_step,37748736.000000
strategies_gloo,sp,4,weight_bytes_per_rank,301989888.000000
strategies_gloo,sp,4,max_rel_err,0.000000
strategies_gloo,sp,4,load_factor,1.000000
strategies_gloo,ep_uniform,1,tokens_per_s,688576.228799
strategies_gloo,ep_uniform,1,comms_bytes_per_step,6291456.000000
strategies_gloo,ep_uniform,1,weight_bytes_per_rank,113246208.000000
strategies_gloo,ep_uniform,1,max_rel_err,0.000000
strategies_gloo,ep_uniform,1,load_factor,1.000000
strategies_gloo,ep_uniform,2,tokens_per_s,658772.442079
strategies_gloo,ep_uniform,2,comms_bytes_per_step,6291456.000000
strategies_gloo,ep_uniform,2,weight_bytes_per_rank,56623104.000000
strategies_gloo,ep_uniform,2,max_rel_err,0.000000
strategies_gloo,ep_uniform,2,load_factor,1.000000
strategies_gloo,ep_uniform,4,tokens_per_s,610383.677648
strategies_gloo,ep_uniform,4,comms_bytes_per_step,6291456.000000
strategies_gloo,ep_uniform,4,weight_bytes_per_rank,28311552.000000
strategies_gloo,ep_uniform,4,max_rel_err,0.000000
strategies_gloo,ep_uniform,4,load_factor,1.000000
strategies_gloo,ep_skewed,1,tokens_per_s,583548.175090
strategies_gloo,ep_skewed,1,comms_bytes_per_step,6291456.000000
strategies_gloo,ep_skewed,1,weight_bytes_per_rank,113246208.000000
strategies_gloo,ep_skewed,1,max_rel_err,0.000000
strategies_gloo,ep_skewed,1,load_factor,1.000000
strategies_gloo,ep_skewed,2,tokens_per_s,598022.048186
strategies_gloo,ep_skewed,2,comms_bytes_per_step,6291456.000000
strategies_gloo,ep_skewed,2,weight_bytes_per_rank,56623104.000000
strategies_gloo,ep_skewed,2,max_rel_err,0.000000
strategies_gloo,ep_skewed,2,load_factor,1.777344
strategies_gloo,ep_skewed,4,tokens_per_s,551482.872118
strategies_gloo,ep_skewed,4,comms_bytes_per_step,6291456.000000
strategies_gloo,ep_skewed,4,weight_bytes_per_rank,28311552.000000
strategies_gloo,ep_skewed,4,max_rel_err,0.000000
strategies_gloo,ep_skewed,4,load_factor,2.933594
